Symbol,Name,Last Sale,Net Change,% Change,Market Cap,Country,IPO Year,Volume,Sector,Industry,p_e,p_b,p_cash,z_p_e,z_p_b,z_p_cash,quality_score,quality_z,quality_rank,classification
AAOI,Applied Optoelectronics Inc. Common Stock,31.14,-1.81,-5.49%,1941698764.0,United States,2013.0,3988667,Technology,Semiconductors,3.422564478670089e-07,5.300713557594292,-2.341664374751938e-07,-0.8288765753602234,-0.4966395259635349,0.47127551427249265,-0.28474686235042185,-0.02653186006052174,127.0,Hold
ABTC,American Bitcoin Corp. Class A Common Stock,5.03,-0.56,-10.02%,4570198344.0,United States,2018.0,3011846,Technology,EDP Services,2.01312772840049e-07,1.1603910209992758,-9.23045907493808e-08,-0.3591742845617012,0.4456556485808156,0.10680640723129627,0.0644292570834702,0.39420665807516303,92.0,Hold
ACDC,ProFrac Holding Corp. Class A Common Stock,3.73,-0.02,-0.53%,597845090.0,United States,2022.0,1682155,Energy,Oilfield Services/Equipment,1.1249590029517875e-08,1.2552607502287283,2.1861057998725303e-08,0.2742213775386979,0.4240642659595089,-0.18650608667993535,0.1705931856060905,0.5221285046163514,72.0,Hold
ACON,Aclarion Inc. Common Stock,8.7,-0.4,-4.40%,5066628.0,United States,2022.0,59856,Health Care,Medical Specialities,-0.0005982648511868,0.40753508987934,-1.5625720407867497e-06,3.544089693824226,0.616997978737738,2.771663253659278,2.3109169754070806,3.101104011622386,4.0,Buy
ADVM,Adverum Biotechnologies Inc. Common Stock,4.56,0.08,1.79%,95687774.0,United States,2014.0,174454,Health Care,Biotechnology: Biological Products (No Diagnostic Substances),-4.4878708663144616e-08,-5.093360995850623,-3.750639747614792e-08,0.46127191719238864,1.8689458140665558,-0.03398020333897169,0.7654125093066576,1.2388539244932628,28.0,Hold
AEYE,AudioEye Inc. Common Stock,13.29,-0.825,-5.85%,164897655.0,United States,,123796,Technology,Computer Software: Prepackaged Software,6.637153523406785e-07,33.9932318104907,6.108239586500456e-06,-1.9001554660233508,-3.805500280526635,-2.371420412813889,-2.692358719787958,-2.9275751696272705,246.0,Sell
AI,C3.ai Inc. Class A Common Stock,18.06,-1.21,-6.28%,2489565510.0,United States,2020.0,8140862,Technology,Computer Software: Prepackaged Software,8.208774421318047e-08,2.955285249271886,-2.078713968957872e-07,0.038149462359526105,0.03715603166214884,0.4037187315237699,0.15967474184848163,0.5089723648025177,74.0,Hold
ALAB,Astera Labs Inc. Common Stock,163.55,2.085,1.29%,27185140347.0,United States,2024.0,6249650,Technology,Semiconductors,4.602896492616052e-07,30.80491731303966,8.450664914647522e-07,-1.2222284946621749,-3.805500280526635,-2.3014718521173463,-2.4430668757687184,-2.6271918524461975,244.0,Sell
AMD,Advanced Micro Devices Inc. Common Stock,234.56,-4.04,-1.69%,380654000000.0,United States,,69726437,Technology,Semiconductors,1.6853300047339307e-08,6.914503194236782,5.215296083383873e-08,0.255546715963158,-0.8639215852468894,-0.2643315417385545,-0.2909021370074287,-0.03394863627679301,129.0,Hold
AMKR,Amkor Technology Inc. Common Stock,31.5,0.22,0.70%,7785006233.0,United States,1998.0,3730031,Technology,Semiconductors,4.4505444020765386e-08,2.2233059842790754,3.919153116301807e-08,0.16339447594724835,0.20374704556815382,-0.23103125130012686,0.04537009007175843,0.37124138284841224,95.0,Hold
AMPG,Amplitech Group Inc. Common Stock,3.82,-0.41,-9.69%,78591133.0,United States,,874316,Telecommunications,Telecommunications Equipment,1.2235344629337188e-06,2.527283170591614,-6.145693440240465e-07,-3.7657824168464016,0.1345649387873043,1.4486003614084935,-0.7275390388835344,-0.5600727118766713,169.0,Hold
APLM,Apollomics Inc. Class A Ordinary Shares,31.98,12.48,64.00%,35285069.0,United States,,273376,Health Care,Biotechnology: Pharmaceutical Preparations,7.065656565656566e-05,3.171616413511676,-4.867272031451136e-07,-5.092704268794962,-0.01207873455834921,1.1201504504297073,-1.3282108509745345,-1.2838500667392547,207.0,Hold
ARDX,Ardelyx Inc. Common Stock,5.05,-0.08,-1.56%,1216963281.0,United States,2014.0,2738584,Health Care,Biotechnology: Pharmaceutical Preparations,2.5387587855102444e-08,11.952755905511813,-1.4154110099955245e-07,0.22710574808805842,-2.0105765079026963,0.23330403389330345,-0.5167222419737781,-0.30604976530825506,150.0,Hold
AREC,American Resources Corporation Class A Common Stock,4.25,-0.76,-15.17%,359587910.0,United States,,19025539,Energy,Coal Mining,-7.018804281088462e-06,-5.125581395348838,-3.094499384132845e-07,3.544089693824226,1.8762788483170778,0.6646926380103039,2.0283537267172025,2.760630434202117,6.0,Buy
ARQQ,Arqit Quantum Inc. Ordinary Shares,39.56,-13.91,-26.02%,494658596.0,United Kingdom,,3037604,Technology,Computer Software: Prepackaged Software,-7.150280898876403e-05,42.962025316455694,-2.125944794755084e-06,3.544089693824226,-3.805500280526635,2.771663253659278,0.8367508889856229,1.324812850324132,26.0,Hold
AVGO,Broadcom Inc. Common Stock,354.15,2.82,0.80%,1672430000000.0,United States,2009.0,20317222,Technology,Semiconductors,7.940935167695671e-09,6.202191790074467,1.4439028734073816e-08,0.28524764578211,-0.7018067758371234,-0.1674375320195022,-0.19466555402483854,0.0820112907084277,113.0,Hold
AXSM,Axsome Therapeutics Inc. Common Stock,125.0,-4.58,-3.53%,6237685875.0,United States,2015.0,495705,Health Care,Biotechnology: Pharmaceutical Preparations,2.929479233370875e-07,90.42944785276072,-1.0997173197602606e-06,-0.6645532957013875,-3.805500280526635,2.6950345054752773,-0.5916730235842484,-0.3963614419458979,157.0,Hold
AXTI,AXT Inc Common Stock,4.93,0.34,7.41%,227395930.0,United States,1998.0,1924180,Technology,Semiconductors,9.453413732736822e-07,2.25052095392452,-8.05235688841024e-07,-2.8386891544304507,0.19755319609251284,1.938457176627916,-0.23422626057000726,0.03434275863584351,122.0,Hold
BBAI,BigBear.ai Inc. Common Stock,7.7,-0.82,-9.62%,2854414625.0,United States,2021.0,96101550,Technology,Computer Software: Prepackaged Software,1.5748031496062994e-07,9.307479224376731,-2.467503855474774e-07,-0.21310028817020146,-1.408538519331349,0.5036059852399444,-0.3726776074205354,-0.13248369731487472,136.0,Hold
BCRX,BioCryst Pharmaceuticals Inc. Common Stock,6.72,-0.09,-1.32%,1410665290.0,United States,1994.0,10483788,Health Care,Biotechnology: Biological Products (No Diagnostic Substances),2.15032304597204e-08,-3.969123505976096,4.739251947434144e-07,0.24005057563382898,1.6130808295424668,-1.3479417795560944,0.16839654187340045,0.5194816665952907,73.0,Hold
BDSX,Biodesix Inc. Common Stock,6.95,-0.47,-6.33%,55600000.0,United States,2020.0,55562,Health Care,Medical Specialities,1.449395532412398e-07,56.38709677419355,-2.919464208170492e-07,-0.17130753296618653,-3.805500280526635,0.6197228905015895,-1.1190283076637442,-1.0317963082086734,189.0,Hold
BE,Bloom Energy Corporation Class A Common Stock,115.09,-1.49,-1.28%,26930826367.0,United States,2018.0,13381977,Energy,Industrial Machinery/Components,2.492846008296192e-07,51.14006514657981,7.845467063474438e-07,-0.5190429519295966,-3.805500280526635,-2.1459854225443347,-2.1568428850001884,-2.282307276931482,239.0,Sell
BIAF,bioAffinity Technologies Inc. Common Stock,3.41,0.7,25.83%,4562679.0,United States,2022.0,20497530,Health Care,Biotechnology: Commercial Physical & Biological Resarch,1.3206797970424618e-06,-1.3324538258575196,-3.9476893379555603e-07,-4.089524407840579,1.0130017066038008,0.8838927878626477,-0.7308766377913768,-0.5640943397614577,170.0,Hold
BKSY,BlackSky Technology Inc. Class A Common Stock,26.06,-5.57,-17.61%,924205261.0,United States,2019.0,2878847,Technology,Radio And Television Broadcasting And Communications Equipment,2.8894298597471577e-07,8.33932135728543,1.0889850388364698e-06,-0.6512066290045615,-1.188195664808825,-2.371420412813889,-1.4036075688757583,-1.3746990727179151,213.0,Hold
BLBX,Blackboxstocks Inc. Common Stock,10.69,-2.72,-20.28%,40510749.0,United States,,962192,Technology,EDP Services,1.0281994600623724e-05,8.011599005799502,-3.616136119291357e-06,-5.092704268794962,-1.1136094006552397,2.771663253659278,-1.144883471930308,-1.0629503960578235,192.0,Hold
BNZI,Banzai International Inc. Class A Common Stock,2.75,-0.33,-10.71%,9509673.0,United States,2021.0,469164,Technology,Computer Software: Prepackaged Software,3.622440951764891e-07,2.032967032967033,-1.7517240278506534e-07,-0.8954864727333405,0.24706624926880827,0.3197090174269663,-0.10957040201252198,0.1845463902342453,105.0,Hold
BTAI,BioXcel Therapeutics Inc. Common Stock,2.46,-0.22,-8.21%,35809588.0,United States,2018.0,1102280,Health Care,Biotechnology: Pharmaceutical Preparations,-1.6414342629482073e-06,-0.1266601082144614,-3.6940733434950244e-08,3.544089693824226,0.738575356581958,-0.035433498024886115,1.4157438507937659,2.022468351957799,16.0,Buy
BTU,Peabody Energy Corporation Common Stock ,33.15,0.22,0.67%,4031040000.0,United States,2017.0,4944309,Energy,Coal Mining,5.080174927113702e-08,0.9585367530770816,7.243439854507666e-08,0.14241170393494895,0.4915956208759912,-0.3164382755978248,0.10585634973770512,0.4441240854246369,84.0,Hold
CAPR,Capricor Therapeutics Inc. Common Stock,6.16,-0.53,-7.92%,281616566.0,United States,,1320833,Health Care,Biotechnology: Pharmaceutical Preparations,-1.4758921545577998e-07,3.466898954703833,-1.50204164444425e-07,0.8035601420478136,-0.0792820288025192,0.2555610330151076,0.3266130487534673,0.7101240815383513,45.0,Hold
CCCC,C4 Therapeutics Inc. Common Stock,2.48,0.26,11.71%,176503621.0,United States,2020.0,10778677,Health Care,Biotechnology: Biological Products (No Diagnostic Substances),-3.8498440873111066e-08,1.3096695226438189,-3.6724747445856744e-08,0.44000933555249916,0.41168138437323876,-0.035988405650827754,0.2719007714249701,0.6441987183596167,55.0,Hold
CCCS,CCC Intelligent Solutions Holdings Inc. Common Stock,8.76,-0.52,-5.60%,5693505542.0,United States,,5984995,Technology,Computer Software: Prepackaged Software,1.2174197703239225e-08,2.850197508356123,3.0261969286359535e-08,0.2711400733059699,0.06107292951091575,-0.20808956882122082,0.04137447799855495,0.3664268843499175,98.0,Hold
CCRD,CoreCard Corporation Common Stock,26.75,0.1,0.38%,208446219.0,United States,1986.0,45928,Technology,Computer Software: Prepackaged Software,0.0,0.0,0.0,0.31171123443648374,0.7097488079923631,-0.13034101854029,0.29703967462951897,0.67448975,51.0,Hold
CDTX,Cidara Therapeutics Inc. Common Stock,102.02,-3.6,-3.41%,2587028363.0,United States,2015.0,713669,Health Care,Biotechnology: Biological Products (No Diagnostic Substances),-1.244205298013245e-06,6.271210013908206,-1.04844210199969e-06,3.544089693824226,-0.7175146195375417,2.5632990652433576,1.7966247131766806,2.481409386886074,11.0,Buy
CETX,Cemtrex Inc. Common Stock,5.32,-0.35,-6.17%,3931411.0,United States,,151486,Technology,Electrical Products,1.5235940730971684e-07,0.3108679432976871,3.2511887971836903e-06,-0.1960345911522865,0.6389984352132313,-2.371420412813889,-0.6428188562509813,-0.45798943036591067,162.0,Hold
CFLT,Confluent Inc. Class A Common Stock,22.53,-0.23,-1.01%,7767085069.0,United States,2021.0,4681752,Technology,Computer Software: Prepackaged Software,3.061779523415637e-08,7.896875,4.4045108326216163e-07,0.20967580391480584,-1.0874993872169696,-1.2619406467486944,-0.7132547433502859,-0.5428609009858952,165.0,Hold
CHTR,Charter Communications Inc. Class A Common Stock New,255.34,-9.22,-3.49%,34877142110.0,United States,,2011615,Telecommunications,Cable & Other Pay Television Services,8.003942744824653e-09,2.0550198668792548,1.5441176470588234e-08,0.28503766968130595,0.242047249227907,-0.17001223338622498,0.11902422850766266,0.4599906739234279,79.0,Hold
CING,Cingulate Inc. Common Stock,3.8,-0.2,-5.00%,20567587.0,United States,2021.0,397642,Health Care,Biotechnology: Pharmaceutical Preparations,-4.419164493286615e-07,4.188110026619343,-2.717872302151852e-07,1.784421297882163,-0.24342231180878923,0.5679302318910223,0.702976405988132,1.163621764771136,31.0,Hold
CIVI,Civitas Resources Inc. Common Stock,27.98,-0.54,-1.89%,2592627052.0,United States,2017.0,2132268,Energy,Oil & Gas Production,8.468402527764785e-09,0.394019516981955,1.0666999359959376e-08,0.28348983276000367,0.6200739852589309,-0.15774649662523013,0.24860577379790147,0.6161294941598708,60.0,Hold
CLNN,Clene Inc. Common Stock,8.25,-0.64,-7.20%,82422186.0,United States,,36564,Health Care,Biotechnology: Pharmaceutical Preparations,5.739130434782608e-05,-14.601769911504425,-7.48172079578303e-07,-5.092704268794962,3.0805554174133016,1.791850296818087,-0.07343285152119106,0.22809020264451713,102.0,Hold
CLPT,ClearPoint Neuro Inc. Common Stock,25.28,0.45,1.81%,718645102.0,United States,,708472,Health Care,Medical/Dental Instruments,9.858599793072868e-07,28.791366906474824,-1.792047286405159e-06,-2.973719563353068,-3.805500280526635,2.771663253659278,-1.3358521967401418,-1.2930574790307836,208.0,Hold
COHR,Coherent Corp. Common Stock,115.96,5.55,5.03%,18067202765.0,United States,,3368319,Technology,Electronic Components,6.519640632003279e-08,3.696466956953095,2.1169507575757578e-07,0.09444074397642548,-0.13152936432705242,-0.6742245010069171,-0.23710437378584803,0.030874786394721115,123.0,Hold
COMM,CommScope Holding Company Inc. Common Stock,15.49,-0.05,-0.32%,3431433201.0,United States,2013.0,3498255,Technology,Radio And Television Broadcasting And Communications Equipment,8.350951128568402e-09,-1.7167422524565383,5.6870109546165895e-08,0.2838812457925465,1.1004618324314124,-0.2764507620831574,0.3692974387136005,0.7615564847865128,43.0,Hold
CPIX,Cumberland Pharmaceuticals Inc. Common Stock,3.45,0.01,0.29%,51611783.0,United States,2009.0,22450,Health Care,Biotechnology: Pharmaceutical Preparations,9.65042700733976e-08,1.822554783538215,4.787685791341983e-07,-0.009894376575458847,0.29495393085625626,-1.360385322515028,-0.3584419227447435,-0.11533045990319221,135.0,Hold
CRBP,Corbus Pharmaceuticals Holdings Inc. Common Stock,19.05,1.55,8.86%,233462036.0,United States,,541695,Health Care,Biotechnology: Pharmaceutical Preparations,-2.754640647310805e-07,1.5336204041073205,-2.398798010500138e-07,1.2297098761783836,0.3607124482401713,0.48595419334214446,0.6921255059202331,1.1505470114850065,32.0,Hold
CRBU,Caribou Biosciences Inc. Common Stock,2.67,-0.17,-5.99%,248639048.0,United States,2021.0,951226,Health Care,Biotechnology: Biological Products (No Diagnostic Substances),-2.970057482292284e-08,1.9955156950672648,-2.674399386991601e-08,0.4106899791704444,0.2555897917395366,-0.061630792433315894,0.2015496594922217,0.5594293972738252,65.0,Hold
CRDO,Credo Technology Group Holding Ltd Ordinary Shares,136.53,5.12,3.90%,23619088585.0,United States,2022.0,4884534,Technology,Semiconductors,5.980141354874725e-07,52.40318654569595,1.8722082111205104e-06,-1.681202667621447,-3.805500280526635,-2.371420412813889,-2.61937445365399,-2.839633038790228,245.0,Sell
CRMD,CorMedix Inc. Common Stock,10.08,-0.53,-5.00%,752461839.0,United States,,2291641,Health Care,Biotechnology: Pharmaceutical Preparations,1.2396355278715865e-07,4.869800473452824,4.726910306942578e-07,-0.10140389618938077,-0.39856810369012424,-1.3447709857216685,-0.6149143285337245,-0.4243659693455256,160.0,Hold
CRNC,Cerence Inc. Common Stock,11.71,-0.36,-2.98%,507273113.0,United States,,1878787,Technology,Computer Software: Prepackaged Software,8.090280171918453e-08,3.9132851584213455,2.581780842012616e-07,0.0420983462224447,-0.1808749752525573,-0.7936478764321848,-0.3108081684874325,-0.057934337820293724,132.0,Hold
CRWV,CoreWeave Inc. Class A Common Stock,141.74,2.5,1.80%,69250250275.0,United States,2025.0,36104180,Technology,Computer Software: Prepackaged Software,5.145808145916526e-08,24.811753902662996,2.1179831828560889e-07,0.14022444202211248,-3.805500280526635,-0.67448975,-1.4465885295015075,-1.4264888277304988,216.0,Hold
CYH,Community Health Systems Inc. Common Stock,3.06,-0.02,-0.65%,428764495.0,United States,2000.0,2384914,Health Care,Hospital/Nursing Management,7.095678686991943e-10,-0.3349069208158902,7.626774847870182e-09,0.30934656178734726,0.785970206836776,-0.14993560216205887,0.3151270554873548,0.6962840749710764,47.0,Hold
DJT,Trump Media & Technology Group Corp. Common Stock,15.78,-0.49,-3.01%,4372123509.0,United States,2024.0,6234689,Technology,Computer Software: Programming Data Processing,5.924849817425105e-06,1.8310884601383328,-4.00657407382823e-07,-5.092704268794962,0.293011753112774,0.8990213566760434,-1.3002237196687148,-1.2501270728198244,206.0,Hold
DNUT,Krispy Kreme Inc. Common Stock,3.34,0.04,1.21%,571808000.0,United States,2021.0,4237069,Consumer Staples,Food Chains,1.2688165494280174e-08,1.123983238846438,-1.976592977893368e-07,0.2694272483154025,0.45394168840869215,0.37748197563592395,0.3669503041200062,0.7587283133400377,44.0,Hold
DOMH,Dominari Holdings Inc. Common Stock,5.76,-0.3,-4.95%,88234203.0,United States,,242364,Health Care,Biotechnology: Pharmaceutical Preparations,9.789627161008125e-08,0.8997563522450399,-7.332293291731669e-07,-0.014533295707163801,0.5049734404956595,1.7534596299644005,0.7479665915842988,1.217832528236489,29.0,Hold
DTIL,Precision BioSciences Inc. Common Stock,6.64,0.14,2.15%,78265620.0,United States,2019.0,564152,Health Care,Biotechnology: Biological Products (No Diagnostic Substances),6.542426645519429e-06,2.819548872180451,-1.2907162301699054e-07,-5.092704268794962,0.0680482464625395,0.20126765758446996,-1.6077961215826508,-1.6207353401048465,225.0,Hold
DUOL,Duolingo Inc. Class A Common Stock,330.56,-10.52,-3.08%,15146889578.0,United States,2021.0,1845225,Technology,Computer Software: Prepackaged Software,4.2774528738160746e-07,12.783166971273255,8.120458520895543e-07,-1.1137726783604707,-2.1995695955761887,-2.216635772334255,-1.843326015423638,-1.904536244565249,232.0,Sell
DUOT,Duos Technologies Group Inc. Common Stock,8.15,-0.74,-8.32%,158226545.0,United States,,358415,Technology,Computer Software: Prepackaged Software,3.907343643421138e-06,34.81770833333333,-1.8010518034765551e-06,-5.092704268794962,-3.805500280526635,2.771663253659278,-2.04218043188744,-2.144145163535312,237.0,Sell
DXCM,DexCom Inc. Common Stock,66.33,0.92,1.41%,26011658727.0,United States,2005.0,3956649,Health Care,Medical/Dental Instruments,2.435647338041812e-08,9.286123032904149,4.4824253459274985e-08,0.23054199189780797,-1.4036780680033687,-0.2455027481325042,-0.472879608079355,-0.25322174016778637,146.0,Hold
EBS,Emergent BioSolutions Inc. Common Stock,9.4,-0.2,-2.08%,501500331.0,United States,2006.0,961915,Health Care,Biotechnology: Pharmaceutical Preparations,3.052302888368462e-08,1.061250339274405,9.023076923076924e-07,0.20999161781634262,0.4682190564227591,-2.371420412813889,-0.5644032461915958,-0.3635028210623271,153.0,Hold
EGAN,eGain Corporation Common Stock,13.86,-0.51,-3.55%,372377549.0,United States,1999.0,438563,Technology,Computer Software: Prepackaged Software,2.959295574764547e-07,6.155652465615566,3.486604598137945e-06,-0.67448975,-0.6912149003306703,-2.371420412813889,-1.2457083543815197,-1.1844389781020452,201.0,Hold
ELAB,PMGC Holdings Inc. Common Stock,7.78,0.34,4.57%,5267566.0,United States,2023.0,420974,Health Care,Biotechnology: Pharmaceutical Preparations,-1.7802911299612527e-05,0.3648409069702342,-1.540602257277819e-06,3.544089693824226,0.6267147392511471,2.771663253659278,2.314155895578217,3.1050067369157794,3.0,Buy
ENPH,Enphase Energy Inc. Common Stock,37.56,0.02,0.05%,4910998959.0,United States,2012.0,5821062,Technology,Semiconductors,6.569820432251699e-08,4.172803787480274,1.2382294447512245e-07,0.09276847545327346,-0.23993876791729615,-0.44846487668577806,-0.19854505638326692,0.07733669819610077,115.0,Hold
EOLS,Evolus Inc. Common Stock,6.3,-0.31,-4.69%,407518140.0,United States,2018.0,834304,Health Care,Biotechnology: Pharmaceutical Preparations,4.295477429997643e-08,-27.75086505190312,-1.9401504705227762e-07,0.16856216523864195,3.0805554174133016,0.3681192269996587,1.2057456032172007,1.7694317134852118,22.0,Buy
EVOK,Evoke Pharma Inc. Common Stock,4.52,-0.19,-4.03%,7044262.0,United States,2013.0,8956,Health Care,Biotechnology: Pharmaceutical Preparations,5.176719032684753e-07,2.957486136783734,-1.7673386972062795e-06,-1.4134579070714515,0.03665513211536266,2.771663253659278,0.464953492901063,0.8768169056732262,38.0,Hold
FBIO,Fortress Biotech Inc. Common Stock,2.74,-0.08,-2.84%,81528023.0,United States,,728617,Health Care,Biotechnology: Pharmaceutical Preparations,3.476323119777159e-07,2.113821138211382,-3.8956660714954624e-08,-0.8467919283360675,0.22866467969531593,-0.03025421104560918,-0.21612715322878695,0.05615121339119639,119.0,Hold
FCEL,FuelCell Energy Inc. Common Stock,9.3,-1.41,-13.17%,300347927.0,United States,,4860503,Energy,Industrial Machinery/Components,-3.357232661660268e-07,0.5266243803635201,-1.0229649417075649e-07,1.430526868854854,0.5898944710348235,0.13247744001200817,0.7176329266338953,1.1812820869819483,30.0,Hold
FRPT,Freshpet Inc. Common Stock,53.65,2.1,4.07%,2617040186.0,United States,2014.0,1604377,Consumer Staples,Packaged Foods,1.225623731870444e-07,2.3755120619025947,3.5952935341205e-07,-0.09673439067330894,0.1691064949315081,-1.0540378786724875,-0.3272219248047628,-0.07771203487812835,133.0,Hold
FSLR,First Solar Inc. Common Stock,237.79,-6.61,-2.71%,25502418931.0,United States,2006.0,2294203,Technology,Semiconductors,1.3696327837264885e-07,3.2974658683775124,1.7035336193156101e-07,-0.14472617287961848,-0.040720786715145826,-0.5680100545614052,-0.2511523380520565,0.013947742020179869,125.0,Hold
GBIO,Generation Bio Co. Common Stock,6.64,-0.07,-1.04%,44724012.0,United States,2020.0,171659,Health Care,Biotechnology: Pharmaceutical Preparations,-2.547435656584633e-07,0.8438083385189795,-8.42037283125722e-08,1.1606577113399448,0.5177066377027456,0.08599380562803544,0.588119384890242,1.0252252073761092,34.0,Hold
GDRX,GoodRx Holdings Inc. Class A Common Stock,3.9,-0.12,-2.99%,1355054977.0,United States,2020.0,3412416,Technology,EDP Services,5.658743031311342e-09,2.299349240780911,2.2245773827637223e-08,0.29285317241746306,0.18644037609373962,-0.1874944922157744,0.09726635209847607,0.43377359844580865,86.0,Hold
GDYN,Grid Dynamics Holdings Inc. Class A Common Stock,7.66,-0.08,-1.03%,648571848.0,United States,2018.0,803702,Technology,Computer Software: Prepackaged Software,7.797066415537374e-08,1.7596093257718968,2.95721698612729e-07,0.05186985055135401,0.3092796749470695,-0.8901043087673258,-0.1763182610896341,0.10411879580893248,112.0,Hold
GSIT,GSI Technology Common Stock,4.95,-0.36,-6.78%,143998599.0,United States,2007.0,453523,Technology,Semiconductors,9.183147033533964e-07,9.69147005444646,-1.0246570085388085e-06,-2.748621339952181,-1.4959309152246303,2.5021907970609054,-0.5807871527053021,-0.3832445507058845,155.0,Hold
GTM,ZoomInfo Technologies Inc Common Stock,10.165,-0.095,-0.93%,3238881909.0,United States,2020.0,5597710,Technology,Computer Software: Prepackaged Software,1.1248719284887776e-08,2.494836844279224,3.3999437095412335e-08,0.274224279341474,0.14194939167608822,-0.21769180921495754,0.06616062060086822,0.3962928583624141,91.0,Hold
HCTI,Healthcare Triangle Inc. Common Stock,2.62,-0.16,-5.76%,15279392.0,United States,2021.0,544691,Technology,EDP Services,1.960022209883398e-06,7.415966386554622,-4.259169884169884e-07,-5.092704268794962,-0.9780494924705886,0.9639178539107846,-1.702278635784922,-1.7345817081773445,229.0,Sell
HIMS,Hims & Hers Health Inc. Class A Common Stock,59.15,-3.61,-5.75%,13369058216.0,United States,2019.0,38182441,Health Care,Medical/Nursing Services,3.0078629330300675e-08,18.519261637239165,1.7639752092185446e-07,0.2114726029560756,-3.505046228542661,-0.5835386077337391,-1.2923707444401082,-1.2406646583626246,205.0,Hold
HIND,Vyome Holdings Inc. Common Stock,5.06,-0.27,-5.07%,13628290.0,United States,2016.0,65236,Health Care,Medical/Dental Instruments,2.0538525893982427e-05,-0.2107667931758723,-6.517619792598399e-06,-5.092704268794962,0.757717180119995,2.771663253659278,-0.5211079450052297,-0.31133430251379973,151.0,Hold
HNGE,Hinge Health Inc. Class A Common Stock,50.74,0.33,0.66%,3979804433.0,United States,2025.0,506839,Technology,EDP Services,1.351737042912306e-07,22.78776978417266,5.515470088260581e-07,-0.13876232210422876,-3.805500280526635,-1.5473664586969107,-1.8305430204425914,-1.889133420413411,231.0,Sell
HOLO,MicroCloud Hologram Inc. Ordinary Shares,4.42,-0.37,-7.72%,64387537.0,United States,2021.0,1344615,Technology,Computer Software: Programming Data Processing,7.214615282761993e-08,0.0284917648134322,1.189051871656666e-07,0.07128034423192962,0.7032643729608764,-0.4358302560559837,0.11290482037894078,0.45261711495232726,82.0,Hold
HSDT,Solana Company Class A Common Stock (DE),10.11,-5.81,-36.50%,10891068.0,United States,,2785180,Health Care,Biotechnology: Electromedical & Electrotherapeutic Apparatus,-2.806083650190114e-05,0.8333333333333334,-6.449921342422653e-07,3.544089693824226,0.520090642029104,1.5267620901639833,1.8636474753391046,2.5621682248023006,9.0,Buy
HUSA,Houston American Energy Corporation Common Stock,5.36,-0.24,-4.29%,181395355.0,United States,,91691,Energy,Oil & Gas Production,-0.0001101051632798,1.263611615245009,-1.1532298821945654e-06,3.544089693824226,0.42216369426767547,2.771663253659278,2.2459722139170597,3.0228490531954244,5.0,Buy
HYPD,Hyperion DeFi Inc. Common Stock,6.81,-0.87,-11.33%,38780628.0,United States,2018.0,719784,Health Care,Biotechnology: Pharmaceutical Preparations,-2.395397325557698e-06,0.9928525016244314,-3.830620395045263e-07,3.544089693824226,0.4837857065562151,0.8538156289439143,1.6272303431081188,2.277298245612371,13.0,Buy
IDAI,T Stamp Inc. Class A Common Stock,3.38,-0.26,-7.14%,8592940.0,United States,,264814,Technology,Computer Software: Prepackaged Software,2.447748828823368e-06,5.438775510204082,-7.3425616337792e-07,-5.092704268794962,-0.52806101802907,1.7560977553964559,-1.2882225104758585,-1.235666258661556,204.0,Hold
IDXX,IDEXX Laboratories Inc. Common Stock,637.34,-1.81,-0.28%,50990191674.0,United States,1991.0,524682,Health Care,Biotechnology: In Vitro & In Vivo Diagnostic Substances,3.1163763994154305e-07,42.54491511455414,8.548821876166251e-07,-0.7268377699909133,-3.805500280526635,-2.32669017609966,-2.2863427422057363,-2.438347667402001,242.0,Sell
IMNN,Imunon Inc. Common Stock,5.06,0.26,5.42%,12757307.0,United States,,99933,Health Care,Biotechnology: Pharmaceutical Preparations,2.068742513209821e-06,4.179658500371195,-3.9439875311149443e-07,-5.092704268794962,-0.2414988306474123,0.8829417257802219,-1.4837537912207175,-1.471270977114646,219.0,Hold
INBX,Inhibrx Biosciences Inc. Common Stock,36.595,0.655,1.82%,530093981.0,United States,,105092,Health Care,Biotechnology: Biological Products (No Diagnostic Substances),-5.896873400759085e-07,21.387246621621625,-7.2428123042889e-07,2.276875648061719,-3.805500280526635,1.7304703228722236,0.06728189680243579,0.3976439361171965,90.0,Hold
INO,Inovio Pharmaceuticals Inc. Common Stock,2.46,-0.08,-3.15%,130730946.0,United States,,842634,Health Care,Medical/Dental Instruments,-4.190236478251932e-08,3.346203346203346,-2.7428292106078452e-08,0.4513530929623092,-0.05181293950489294,-0.059872704738560066,0.1132224829062854,0.45299988128021607,81.0,Hold
INOD,Innodata Inc. Common Stock,81.49,-1.49,-1.80%,2595099737.0,United States,1993.0,3792554,Technology,EDP Services,9.56606156769001e-07,33.654058024237976,2.092046388457675e-06,-2.876229644360833,-3.805500280526635,-2.371420412813889,-3.0177167792337856,-3.3196142014392853,250.0,Sell
IONQ,IonQ Inc. Common Stock,65.59,-6.82,-9.42%,19469591040.0,United States,2021.0,35988426,Technology,EDP Services,2.07954068057695e-06,13.785100951496869,-4.118193541230466e-07,-5.092704268794962,-2.4275995489027635,0.9276984453728625,-2.1975351241082874,-2.3313392451248456,241.0,Sell
IPDN,Professional Diversity Network Inc. Common Stock,4.22,0.37,9.61%,10548662.0,United States,2013.0,169925,Technology,Computer Software: Programming Data Processing,1.0945925386533435e-06,1.824782187802517,-1.4998653303940747e-06,-3.336076598526587,0.29444699636710475,2.771663253659278,-0.08998878283340146,0.2081411923343365,103.0,Hold
JANX,Janux Therapeutics Inc. Common Stock,27.2,-1.08,-3.82%,1634554950.0,United States,2021.0,1356848,Health Care,Biotechnology: Pharmaceutical Preparations,-5.28484598743175e-07,2.149784482758621,-6.005719733079122e-07,2.072914258509222,0.220479789332835,1.412638548394073,1.2353441987453768,1.805096435464517,21.0,Buy
KOPN,Kopin Corporation Common Stock,3.65,-0.34,-8.52%,594241360.0,United States,1992.0,7514124,Technology,Semiconductors,3.6178052626936283e-07,33.333333333333336,-2.1773275775892286e-07,-0.8939416047030544,-3.805500280526635,0.4290543765259442,-1.4234625029012484,-1.3986232045660785,215.0,Hold
KPRX,Kiora Pharmaceuticals Inc.  Common Stock,2.7002,-0.0198,-0.73%,9271112.0,United States,,10388,Health Care,Biotechnology: Pharmaceutical Preparations,-7.797669303533688e-06,0.4499612102404964,-3.699010731467893e-07,3.544089693824226,0.6073422265257779,0.8200026921542594,1.6571448708347543,2.3133436489659536,12.0,Buy
KPTI,Karyopharm Therapeutics Inc. Common Stock,6.03,0.08,1.35%,52287806.0,United States,2013.0,151435,Health Care,Biotechnology: Pharmaceutical Preparations,4.84582768467507e-08,-0.2432050957258152,-6.527820951196768e-08,0.15022145038825288,0.7650998068822954,0.0373706761767494,0.3175639778157659,0.6992204358279693,46.0,Hold
KSCP,Knightscope Inc. Class A Common Stock,5.87,-0.56,-8.71%,59775026.0,United States,2022.0,524409,Telecommunications,Telecommunications Equipment,-1.931748933577087e-06,3.118544023610428,-2.924893891861967e-07,3.544089693824226,-0.0,0.6211178758427663,1.3884025232223307,1.9895235169418242,17.0,Buy
KULR,KULR Technology Group Inc. Common Stock,4.49,-0.6,-11.79%,184577358.0,United States,,4378767,Technology,Electrical Products,6.936304051478279e-07,1.0667823070251516,-1.2356038754430928e-07,-1.99984897004323,0.4669600369934297,0.1871082826871149,-0.44859355012089513,-0.22395834136100087,141.0,Hold
KURA,Kura Oncology Inc. Common Stock,10.13,-0.16,-1.56%,879255484.0,United States,,1443812,Health Care,Biotechnology: Pharmaceutical Preparations,-1.0519807369090229e-07,3.4318181818181817,9.665005160536696e-08,0.6622894082407144,-0.0712980027472397,-0.3786527303719954,0.07077955837382639,0.40185843093681034,89.0,Hold
KZR,Kezar Life Sciences Inc. Common Stock,4.17,-0.13,-3.02%,30537352.0,United States,2018.0,1740975,Health Care,Biotechnology: Pharmaceutical Preparations,-1.4509114462848156e-07,0.6249003666507253,-1.2192087583976116e-07,0.7952351881970319,0.5675278590538694,0.18289607636997052,0.5152197078736239,0.9373850018939334,37.0,Hold
LDWY,Lendway Inc. Common Stock (DE),5.04,0.06,1.21%,8918779.0,United States,,6106,Consumer Staples,Farming/Seeds/Milling,0.0,0.0,0.0,0.31171123443648374,0.7097488079923631,-0.13034101854029,0.29703967462951897,0.67448975,51.0,Hold
LENZ,LENZ Therapeutics Inc. Common Stock,40.45,-1.4,-3.35%,1153718783.0,United States,2021.0,802854,Health Care,Biotechnology: Biological Products (No Diagnostic Substances),7.398e-06,5.108410440546886,-7.834208742799051e-07,-5.092704268794962,-0.45287329817766026,1.8824109163622689,-1.2210555502034512,-1.154733669747665,199.0,Hold
LFVN,Lifevantage Corporation Common Stock (Delaware),8.97,-0.07,-0.77%,113838351.0,United States,,103585,Health Care,Biotechnology: Pharmaceutical Preparations,5.226879226421874e-08,3.444564047362756,8.082168715271931e-07,0.1375227051599518,-0.07419883172659764,-2.2067984188903855,-0.7144915151523438,-0.5443511447520311,166.0,Hold
LITE,Lumentum Holdings Inc. Common Stock,163.23,6.66,4.25%,11409777000.0,United States,,2608211,Telecommunications,Telecommunications Equipment,3.968640706505262e-07,13.23449803149606,1.7034045922406967e-06,-1.010859381694551,-2.302287940925121,-2.371420412813889,-1.894855911811187,-1.9666270091940923,234.0,Sell
LPSN,LivePerson Inc. Common Stock,5.85,0.07,1.21%,58731695.0,United States,2000.0,481685,Technology,Computer Software: Prepackaged Software,4.4267860737376206e-08,-0.6330103157236636,-6.197398622800306e-07,0.16418623487110207,0.8538154986115313,1.461884371275791,0.8266287015861414,1.312616156765437,27.0,Hold
LPTH,LightPath Technologies Inc. Class A Common Stock,7.74,-1.94,-20.04%,345747449.0,United States,1996.0,3141090,Technology,Semiconductors,1.0217061723096107e-06,28.43406593406593,-1.2422897019584967e-06,-3.093178907423505,-3.805500280526635,2.771663253659278,-1.3756719780969542,-1.341038182372451,210.0,Hold
LQDA,Liquidia Corporation Common Stock,23.18,0.02,0.09%,1995599904.0,United States,2018.0,4002429,Health Care,Biotechnology: Pharmaceutical Preparations,2.1667040107550976e-06,163.89830508474577,-2.49967687734264e-07,-5.092704268794962,-3.805500280526635,0.5118718247321242,-2.795444241529825,-3.0517877009115826,248.0,Sell
LUMN,Lumen Technologies Inc. Common Stock,7.02,-0.25,-3.44%,7203509181.0,United States,,9501118,Telecommunications,Telecommunications Equipment,1.8349237648911162e-09,-9.580419580419582,2.253289473684211e-09,0.30559625342974367,2.89015457612941,-0.13613013253629141,1.0198735656742874,1.545465865633261,24.0,Hold
LXEO,Lexeo Therapeutics Inc. Common Stock,8.77,-0.06,-0.68%,473590647.0,United States,2023.0,609671,Health Care,Biotechnology: Biological Products (No Diagnostic Substances),-1.585211927091109e-07,4.5625,-1.2286071928219045e-07,0.8399915374819449,-0.3286296506564797,0.18531070657623583,0.23222419780056702,0.5963905726636931,64.0,Hold
LYRA,Lyra Therapeutics Inc. Common Stock,7.15,-0.37,-4.92%,11757846.0,United States,2020.0,14206,Health Care,Medical/Dental Instruments,-2.825884543761639e-07,6.082164328657315,-1.411398144488107e-07,1.2534522834641082,-0.67448975,0.2322730551333894,0.2704118628658325,0.6424046633084673,56.0,Hold
MARA,MARA Holdings Inc. Common Stock,20.265,-2.575,-11.27%,7507328938.0,United States,,63827735,Technology,EDP Services,6.98054609697059e-08,1.759679370840895,-2.729804542334696e-08,0.07908082429962593,0.3092637334038843,-0.060207332358641556,0.10937907511495622,0.4483687807876146,83.0,Hold
MDAI,Spectral AI Inc. Class A Common Stock,2.46,-0.18,-6.82%,65758230.0,United States,2021.0,889793,Health Care,Medical/Dental Instruments,2.108554477671771e-07,-7.387640449438202,-4.365869853917663e-07,-0.390975756126568,2.3911004141160856,0.9913310334180689,0.9971518971358622,1.5180874722714057,25.0,Hold
MDB,MongoDB Inc. Class A Common Stock,314.35,-3.48,-1.10%,25574539315.0,United States,2017.0,1643577,Technology,Computer Software: Prepackaged Software,2.49162599252667e-07,11.076475477971735,1.4805008099256064e-06,-0.5186363751877562,-1.8111440213945944,-2.371420412813889,-1.567066936465413,-1.5716588539497132,224.0,Hold
MDGL,Madrigal Pharmaceuticals Inc. Common Stock,442.13,8.68,2.00%,9854641760.0,United States,2007.0,272416,Health Care,Biotechnology: Pharmaceutical Preparations,1.0530408645129057e-06,16.68848376488618,-1.7003185083342217e-06,-3.1976034352112115,-3.0883798602747596,2.771663253659278,-1.1714400139422312,-1.0949496065164872,195.0,Hold
METC,Ramaco Resources Inc. Class A Common Stock,49.48,1.635,3.42%,3260591180.0,United States,2017.0,4445552,Energy,Coal Mining,3.754969206368823e-07,4.567777499373591,1.0122154358689618e-06,-0.9396522182136465,-0.3298307556789607,-2.371420412813889,-1.2136344622354986,-1.1457916563028363,198.0,Hold
MLNK,MeridianLink Inc. Common Stock,20.08,0.07,0.35%,1487813484.0,United States,2021.0,1154023,Technology,Computer Software: Prepackaged Software,0.0,0.0,0.0,0.31171123443648374,0.7097488079923631,-0.13034101854029,0.29703967462951897,0.67448975,51.0,Hold
MRNA,Moderna Inc. Common Stock,27.14,-0.58,-2.09%,10559624605.0,United States,2018.0,7884666,Health Care,Biotechnology: Biological Products (No Diagnostic Substances),-1.2260117878741451e-08,1.115801672047016,-9.996292413705122e-09,0.35256872912011017,0.45580372955335324,-0.10465870963317742,0.23457124968009535,0.5992186444441496,63.0,Hold
MSTR,Strategy Inc Common Stock Class A,283.84,-12.92,-4.35%,80483668476.0,United States,1998.0,13817949,Technology,Computer Software: Prepackaged Software,7.987652905812162e-07,1.4594991989817192,-4.226833608745392e-06,-2.350216565619667,0.37758167842790097,2.771663253659278,0.26634278882250384,0.6375016470714173,58.0,Hold
MTEX,Mannatech Incorporated Common Stock,8.88,-0.04,-0.45%,16880258.0,United States,,9081,Health Care, Medicinal Chemicals and Botanical Products ,0.0,0.0,-0.0,0.31171123443648374,0.7097488079923631,-0.13034101854029,0.29703967462951897,0.67448975,51.0,Hold
MU,Micron Technology Inc. Common Stock,202.53,10.59,5.52%,227333000000.0,United States,,42041348,Technology,Semiconductors,1.6530626037649437e-08,5.092905230450544,1.4029101130180462e-08,0.2566220442565595,-0.44934447052596355,-0.16638435280894734,-0.11970225969278381,0.1723380445052583,107.0,Hold
NAGE,Niagen Bioscience Inc. Common Stock,7.42,-0.08,-1.07%,591766941.0,United States,,1058542,Health Care, Medicinal Chemicals and Botanical Products ,1.3014568748817474e-07,11.96273291925466,4.54009711941917e-07,-0.12200618877566999,-2.0128471744566068,-1.2967752509898531,-1.14387620474071,-1.0617366930548655,191.0,Hold
NAOV,NanoVibronix Inc. Common Stock,6.29,-0.15,-2.33%,5012816.0,United States,,40990,Health Care,Industrial Specialties,8.693333333333332e-06,0.1268309763261812,-1.0671031096563011e-06,-5.092704268794962,0.6808833715635393,2.6112426170444243,-0.6001927600623326,-0.40662726798952087,158.0,Hold
NCSM,NCS Multistage Holdings Inc. Common Stock,38.49,-1.945,-4.81%,97797278.0,United States,2017.0,5578,Energy,Oilfield Services/Equipment,0.0,0.0,0.0,0.31171123443648374,0.7097488079923631,-0.13034101854029,0.29703967462951897,0.67448975,51.0,Hold
NEUP,Neuphoria Therapeutics Inc. Common Stock,15.17,-2.07,-12.01%,35764989.0,United States,2021.0,68425,Health Care,Biotechnology: Pharmaceutical Preparations,2.9777408123276935e-07,0.4851639770952629,6.0340027709798135e-05,-0.6806367234885766,0.5993304358875693,-2.371420412813889,-0.8175755668049653,-0.6685619046575569,178.0,Hold
NKTR,Nektar Therapeutics  Common Stock,54.96,-1.925,-3.38%,1045260772.0,United States,,500481,Health Care,Biotechnology: Pharmaceutical Preparations,1.096414062250088e-06,-35.26234567901235,-3.707208912443892e-07,-3.3421469227605103,3.0805554174133016,0.8221089552324917,0.18683914996176101,0.541704021349202,70.0,Hold
NPWR,NET Power Inc. Class A Common Stock,4.07,-0.78,-16.08%,892238294.0,United States,2021.0,2380585,Energy,Industrial Machinery/Components,-1.1758517189095523e-07,0.480283114256825,-5.7763049889034146e-08,0.7035700715964712,0.6004412704806769,0.018062852542276405,0.4406913982064748,0.8475823813156653,40.0,Hold
NRT,North European Oil Royality Trust Common Stock,5.32,-0.03,-0.56%,48893939.0,United States,,60627,Energy,Oil & Gas Production,1.0348998968819276e-06,32.98969072164949,1.0348998968819276e-06,-3.1371476960519886,-3.805500280526635,-2.371420412813889,-3.1046894631308373,-3.424411626304581,251.0,Sell
NSSC,NAPCO Security Technologies Inc. Common Stock,43.19,-0.31,-0.71%,1540000823.0,United States,,315148,Telecommunications,Telecommunications Equipment,4.736754103842711e-07,10.183971241277224,8.99732845106208e-07,-1.2668372553050014,-1.6080191614194912,-2.371420412813889,-1.7487589431794603,-1.790587988582129,230.0,Sell
NTLA,Intellia Therapeutics Inc. Common Stock,24.91,-1.02,-3.93%,2674010930.0,United States,2016.0,4936846,Health Care,Biotechnology: In Vitro & In Vivo Diagnostic Substances,-4.281515965292719e-08,2.441466647032837,-3.960973185788276e-08,0.45439503039992535,0.15409590414830487,-0.028576351481596596,0.19330486102221123,0.5494948568011733,67.0,Hold
NTSK,Netskope Inc. Class A Common Stock,22.81,-0.05,-0.22%,8715089624.0,United States,2025.0,1060917,Technology,Computer Software: Prepackaged Software,5.8698072966800677e-08,-1.6358734959563417,6.29873417721519e-06,0.11609678538304923,1.0820569283815442,-2.371420412813889,-0.3910888996830985,-0.15466831817632623,138.0,Hold
NUAI,New Era Energy & Digital Inc. Common Stock,3.15,-0.2,-5.97%,81835535.0,United States,,24243660,Energy,Oil & Gas Production,1.2257203715838784e-05,-1762.0,-9.833410199869363e-07,-5.092704268794962,3.0805554174133016,2.3960424435636494,0.12796453072732974,0.47076325915544887,76.0,Hold
NUVB,Nuvation Bio Inc. Class A Common Stock,3.63,-0.14,-3.71%,1242449981.0,United States,2020.0,6775947,Health Care,Biotechnology: Pharmaceutical Preparations,1.340414769853313e-06,4.862385321100917,-3.1511605783866055e-08,-4.155292254012678,-0.39688049065564324,-0.049381922866893135,-1.5338515558450716,-1.5316360996898502,223.0,Hold
NUWE,Nuwellis Inc. Common Stock,3.42,-0.05,-1.44%,3087114.0,United States,,64432,Health Care,Biotechnology: Electromedical & Electrotherapeutic Apparatus,7.231006556112611e-07,-0.2206271695005001,-4.3564126394052043e-07,-2.0980601466031787,0.7599613011873189,0.9889013015289058,-0.11639918129565141,0.1763180770239443,106.0,Hold
NVAX,Novavax Inc. Common Stock,8.48,-0.43,-4.83%,1377335550.0,United States,,5195286,Health Care,Biotechnology: Biological Products (No Diagnostic Substances),1.6794707615423347e-08,44.655172413793096,-1.6419919027863703e-08,0.2557419783577927,-3.805500280526635,-0.088155234526488,-1.2126378455651101,-1.1445907866049647,197.0,Hold
NVTS,Navitas Semiconductor Corporation Common Stock,15.63,0.47,3.10%,3330866740.0,United States,,144343743,Technology,Semiconductors,8.72813904380313e-07,8.832876712328767,-3.311421528348398e-07,-2.5969875081627642,-1.3005238289354621,0.7204239160279319,-1.0590291403567649,-0.9595005258308845,186.0,Hold
OBLG,Oblong Inc. Common Stock,2.66,-0.19,-6.67%,6251817.0,United States,,61260,Technology,Computer Software: Programming Data Processing,5.643994211287989e-06,0.5527210884353742,-1.5519299641862316e-06,-5.092704268794962,0.5839551264861198,2.771663253659278,-0.5790286295498547,-0.38112562450975807,154.0,Hold
OMI,Owens & Minor Inc. Common Stock,4.59,0.19,4.32%,354550699.0,United States,,1965134,Health Care,Medical Specialities,1.5908431042320974e-09,-0.640748740100792,-3.5968678959333164e-08,0.3064096652088053,0.8555766850613051,-0.03793088428412682,0.3746851553286612,0.7680483946812409,42.0,Hold
ON,ON Semiconductor Corporation Common Stock,52.97,2.61,5.18%,21663352356.0,United States,,11164721,Technology,Semiconductors,2.1611253767478033e-08,2.712961524519704,2.8595601176278173e-08,0.23969058221728373,0.09230643950921016,-0.20380836347178577,0.04272955275156939,0.3680596768343254,97.0,Hold
ONDS,Ondas Holdings Inc. Common Stock,8.2,-1.31,-13.78%,1797151508.0,United States,,70659372,Technology,Radio And Television Broadcasting And Communications Equipment,1.35960275954156e-06,17.813211845102508,-2.424218074969967e-07,-4.2192372498463975,-3.3443564981562073,0.4924850742041108,-2.357036224599498,-2.5235295265521183,243.0,Sell
ONMD,OneMedNet Corp Class A Common Stock,2.57,-0.2,-7.22%,118465813.0,United Kingdom,2021.0,1399176,Health Care,Biotechnology: Commercial Physical & Biological Resarch,-3.3633093525179857e-06,-22.53012048192771,-2.291105121293801e-07,3.544089693824226,3.0805554174133016,0.45828591461207613,2.3609770086165347,3.161423669863953,1.0,Buy
OPTX,Syntec Optics Holdings Inc. Class A Common Stock,2.33,-0.11,-4.51%,86024127.0,United States,2022.0,262654,Technology,Electronic Components,5.396052408601574e-07,12.181208053691275,3.0703023105927966e-06,-1.4865519207595423,-2.0625698864235966,-2.371420412813889,-1.9735140733323426,-2.061405880015337,235.0,Sell
OS,OneStream Inc. Class A Common Stock,16.65,-0.65,-3.76%,4043363223.0,United States,2024.0,1287926,Technology,Computer Software: Prepackaged Software,6.889044088223264e-08,9.72357723577236,2.560041097649728e-07,0.0821301773914241,-1.5032381821740544,-0.7880625373166157,-0.7363901806997486,-0.5707378635989608,171.0,Hold
OSCR,Oscar Health Inc. Class A Common Stock,21.03,0.36,1.74%,5437474740.0,United States,2021.0,18499286,Health Care,Medical Specialities,9.683318823174661e-09,3.9795008912655967,1.44698806113322e-08,0.2794410596102095,-0.1959450005915419,-0.1675167961515746,-0.028006912377635678,0.2828260257906351,100.0,Hold
PATH,UiPath Inc. Class A Common Stock,15.93,-0.76,-4.55%,8459174837.0,United States,2021.0,37932547,Technology,Computer Software: Prepackaged Software,1.3138998549583217e-08,5.207138304652645,4.8813860239740226e-08,0.26792482318846417,-0.475342752940582,-0.2557527797955777,-0.1543902365158985,0.1305408907097927,109.0,Hold
PCRX,Pacira BioSciences Inc. Common Stock,22.77,-0.68,-2.90%,1023118057.0,United States,2011.0,351492,Health Care,Biotechnology: Pharmaceutical Preparations,5.86670198674052e-08,1.6317099182367578,2.0472334368259145e-07,0.11620027148783299,0.33838827542015176,-0.6563128424281933,-0.06724143184006952,0.23555053167851447,101.0,Hold
PDYN,Palladyne AI Corp. Common Stock,9.01,-0.92,-9.27%,377959355.0,United States,,2027058,Technology,Computer Software: Prepackaged Software,4.092911493792551e-06,7.666916729182296,-4.5551791763237654e-07,-5.092704268794962,-1.0351632305473277,1.0399680709897583,-1.6959664761175104,-1.726975893928053,228.0,Sell
PGEN,Precigen Inc. Common Stock,3.49,-0.04,-1.13%,1039925491.0,United States,,4860493,Health Care,Biotechnology: Pharmaceutical Preparations,-9.056904703134789e-08,-38.78048780487804,-7.19695826669483e-08,0.6135373990935782,3.0805554174133016,0.05456204126160458,1.2495516192561615,1.8222156160715106,19.0,Buy
PL,Planet Labs PBC Class A Common Stock,13.23,-1.86,-12.33%,4073821330.0,United States,2021.0,18607277,Technology,Radio And Television Broadcasting And Communications Equipment,8.611264315272634e-08,9.406360424028268,1.6055294869784444e-07,0.024736272645439115,-1.4310428717003378,-0.5428309951992979,-0.6497125314180655,-0.4662959396398271,164.0,Hold
PLTR,Palantir Technologies Inc. Class A Common Stock,178.12,-1.5,-0.84%,422562000000.0,United States,,42870891,Technology,Computer Software: Prepackaged Software,7.499153139364789e-08,82.596,1.1938508401268685e-07,0.06179796887598193,-3.805500280526635,-0.43706319908712454,-1.3935885035792592,-1.3626266357689396,212.0,Hold
PLUG,Plug Power Inc. Common Stock,3.48,-0.37,-9.61%,4018845782.0,United States,1999.0,187451264,Energy,Industrial Machinery/Components,-6.927111272682133e-09,2.1160409556313997,-5.136234409308389e-09,0.33479620105717606,0.22815947189453134,-0.11714509016405049,0.1486035275958856,0.4956321447263226,75.0,Hold
PNRG,PrimeEnergy Resources Corporation Common Stock,156.395,-6.875,-4.21%,257895355.0,United States,,180100,Energy,Oil & Gas Production,8.930368802746019e-07,1.1163897402806904,1.3242441637964026e-06,-2.664381650556836,0.45566989122216134,-2.371420412813889,-1.5267107240495212,-1.523031779919108,222.0,Hold
POAI,Predictive Oncology Inc. Common Stock,11.0,-2.6,-19.12%,8386554.0,United States,,129039,Health Care,Industrial Specialties,1.3715156048408463e-05,-4.303944315545245,-1.1838175019280909e-06,-5.092704268794962,1.6892826303455288,2.771663253659278,-0.21058612826338496,0.06282785163517414,118.0,Hold
PPC,Pilgrim's Pride Corporation Common Stock,37.28,-0.86,-2.26%,8855768824.0,United States,,1272067,Consumer Staples,Meat/Poultry/Fish,1.5913395350534906e-08,2.6497216819797464,2.7633719055941852e-08,0.25867899833863084,0.10669918257153053,-0.20133711185925424,0.054680356350302384,0.3824597549519628,93.0,Hold
PRAX,Praxis Precision Medicines Inc. Common Stock,162.71,105.36,183.71%,3424359027.0,United States,2020.0,13741857,Health Care,Biotechnology: Pharmaceutical Preparations,-1.087547148672368e-06,12.126275244638768,-1.2177744788508583e-06,3.544089693824226,-2.0500677394442666,2.771663253659278,1.4218950693464123,2.0298802407856065,15.0,Buy
PRME,Prime Medicine Inc. Common Stock,5.8,-0.57,-8.95%,780529188.0,United States,2022.0,3293023,Health Care,Biotechnology: Biological Products (No Diagnostic Substances),-3.3923027513114227e-08,10.903225806451612,-5.073246878001921e-08,0.4247615272622045,-1.7717141634495024,-0.0,-0.4489842120624326,-0.2244290680723263,142.0,Hold
PRSO,Peraso Inc. Common Stock,2.32,0.37,18.97%,14316813.0,United States,,3491718,Technology,Semiconductors,2.359418010224145e-07,3.607214428857716,-4.112405757368061e-07,-0.47457736215473556,-0.11121639938366781,0.9262114575288686,0.11347256533015508,0.4533012172037647,80.0,Hold
PSNL,Personalis Inc. Common Stock,10.28,1.75,20.52%,911600197.0,United States,2019.0,3168258,Health Care,Medical Specialities,4.489666640272389e-07,5.267069205759405,-2.5261750946758745e-07,-1.1844940443419147,-0.4889824146867023,0.5186797028420813,-0.38493225206217857,-0.14724988761209096,137.0,Hold
PUMP,ProPetro Holding Corp. Common Stock,5.12,-0.14,-2.66%,532313702.0,United States,2017.0,1695870,Energy,Oilfield Services/Equipment,3.623343742515717e-08,1.3818273345079286,5.827221296424061e-08,0.1909613777377293,0.39525900246355605,-0.2800530229627355,0.10205578574618328,0.43954460941560963,85.0,Hold
PXLW,Pixelworks Inc.  Common Stock,7.54,-0.265,-3.40%,40228290.0,United States,2000.0,885450,Technology,Semiconductors,4.90847615716451e-07,-1.9962067330488384,-3.41125470971924e-07,-1.3240645425957907,1.1640650974406248,0.7460728916384345,0.19535781549442288,0.5519685569609629,66.0,Hold
PYXS,Pyxis Oncology Inc. Common Stock,3.35,-0.31,-8.47%,207760752.0,United States,2021.0,688955,Health Care,Biotechnology: Pharmaceutical Preparations,1.5780141843971631e-06,3.1493276716206653,-6.033652868357899e-08,-4.947104935796993,-0.007006044267936198,0.02467459163834263,-1.6431454628088622,-1.663329402575962,227.0,Hold
QLGN,Qualigen Therapeutics Inc. Common Stock,3.73,-0.23,-5.81%,6324029.0,United States,2015.0,96627,Health Care,Biotechnology: Pharmaceutical Preparations,3.470727481737933e-06,-1.332842415316642,-5.357492764424827e-07,-5.092704268794962,1.0130901456007566,1.246097149224156,-0.9445056579900165,-0.8215058647388147,180.0,Hold
QMCO,Quantum Corporation Common Stock,11.18,-1.26,-10.13%,148909204.0,United States,,1457257,Technology,Electronic Components,1.0996615696720924e-07,-1.3507219375873312,-3.004558640696229e-07,-0.05475683039812553,1.0171593424833463,0.641585211169652,0.5346625744182909,0.9608126145026523,35.0,Hold
QUBT,Quantum Computing Inc. Common Stock,18.74,-2.49,-11.73%,2996210924.0,United States,,49847962,Technology,Computer Software: Prepackaged Software,0.0002475609756097,8.094098883572569,-1.0749271908922423e-06,-5.092704268794962,-1.1323855312679993,2.6313441169705656,-1.1979152276974652,-1.1268508207826924,196.0,Hold
RBLX,Roblox Corporation Class A Common Stock,134.49,-4.07,-2.94%,93234741824.0,United States,2021.0,6151943,Technology,Computer Software: Prepackaged Software,9.488727239275745e-08,188.15834767642,7.95719472951757e-08,-0.00450564583129955,-3.805500280526635,-0.334775947631938,-1.381593957996624,-1.3481738509040104,211.0,Hold
RCAT,Red Cat Holdings Inc. Common Stock,12.86,-1.81,-12.34%,1282968332.0,United States,,11590485,Technology,Computer Software: Prepackaged Software,-3.5013691251066124e-06,14.07216494845361,-2.5771952095661864e-07,3.544089693824226,-2.492932386315041,0.5317877062583569,0.527648337922514,0.9523608352862759,36.0,Hold
RCUS,Arcus Biosciences Inc. Common Stock,16.6,-0.3,-1.78%,1766754202.0,United States,2018.0,1787905,Health Care,Biotechnology: Pharmaceutical Preparations,-7.600760456273765e-08,4.910341439449766,-4.3268398268398266e-08,0.5650106178561168,-0.4077948139989549,-0.019176566335844875,0.04601307917377235,0.3720161502706441,94.0,Hold
RDDT,Reddit Inc. Class A Common Stock,198.97,-1.79,-0.89%,37238465334.0,United States,2024.0,3036135,Technology,EDP Services,1.2063228359504277e-07,15.202756619513965,4.076721878777538e-07,-0.09030226448789383,-2.7502435176590123,-1.1777256516228904,-1.3394238112565988,-1.297361083187455,209.0,Hold
REKR,Rekor Systems Inc. Common Stock,2.6,-0.02,-0.76%,328468488.0,United States,,13730443,Telecommunications,Telecommunications Equipment,1.448553709655516e-07,11.03448275862069,-1.0569078838722465e-07,-0.17102699105660588,-1.8015869068314798,0.14119800449544048,-0.610471964464215,-0.4190131586245207,159.0,Hold
RGNX,REGENXBIO Inc. Common Stock,12.34,0.04,0.33%,623345425.0,United States,2015.0,742307,Health Care,Biotechnology: Biological Products (No Diagnostic Substances),1.1679332253643953e-07,3.53690167413346,-1.7067564799854359e-07,-0.0775087226480961,-0.09521393365787557,0.3081560295062994,0.045144457733442576,0.3709695079681357,96.0,Hold
RGTI,Rigetti Computing Inc. Common Stock,47.97,-8.37,-14.86%,15550203205.0,United States,,138635869,Technology,EDP Services,1.586936236391913e-05,29.853715623171446,-9.484858061757544e-07,-5.092704268794962,-3.805500280526635,2.306493005524507,-2.197237181265697,-2.3309802399606783,240.0,Sell
RIGL,Rigel Pharmaceuticals Inc. Common Stock,28.11,0.0,0.00%,504218627.0,United States,2000.0,342710,Health Care,Biotechnology: Pharmaceutical Preparations,1.583766563141622e-07,7.690455341506131,5.336797010299882e-07,-0.21608739338801997,-1.040520378598518,-1.5014620674320047,-0.9193566131395142,-0.7912026129583577,179.0,Hold
RKDA,Arcadia Biosciences Inc. Common Stock,5.19,-0.26,-4.77%,7094938.0,United States,2015.0,423996,Consumer Staples,Farming/Seeds/Milling,1.799163179916318e-06,1.167068757539204,-5.104194144025323e-07,-5.092704268794962,0.4441358638628773,1.181020087193371,-1.1558494392462377,-1.07616379921354,194.0,Hold
RNA,Avidity Biosciences Inc. Common Stock,48.78,-1.69,-3.35%,6275709779.0,United States,2020.0,1716100,Health Care,Biotechnology: Pharmaceutical Preparations,-1.7477802140511881e-07,7.074430379746835,-1.425769593935595e-07,0.8941682834634405,-0.9003193812766924,0.23596534412292824,0.0766047487698921,0.4088774733016561,88.0,Hold
ROKU,Roku Inc. Class A Common Stock,95.33,-3.25,-3.30%,14045029244.0,United States,2017.0,2643394,Telecommunications,Cable & Other Pay Television Services,5.70806408387138e-08,6.361794337817302,2.4822118763176386e-07,0.12148696394642369,-0.7381306876226867,-0.7680667826755219,-0.46157016878392837,-0.2395944716769807,144.0,Hold
RUM,Rumble Inc. Class A Common Stock,7.5,-0.5,-6.25%,3260016195.0,United States,2021.0,3202142,Technology,Computer Software: Programming Data Processing,-3.573004932963947e-07,9.039913700107876,-1.3561067786178665e-07,1.5024341254967375,-1.3476433354019544,0.21806768898954954,0.12428615969477756,0.4663310191159571,78.0,Hold
RXRX,Recursion Pharmaceuticals Inc. Class A Common Stock,6.36,-0.43,-6.33%,2761203763.0,United States,2021.0,229692510,Health Care,Biotechnology: Biological Products (No Diagnostic Substances),-1.6425627049235393e-08,3.352165725047081,-1.85886215246379e-08,0.36645050990487404,-0.05316991610843001,-0.08258343999060395,0.07689905126861335,0.4092320920464785,87.0,Hold
RZLV,Rezolve AI PLC Ordinary Shares,5.04,-0.42,-7.69%,1228103725.0,United Kingdom,,29918047,Technology,Computer Software: Programming Data Processing,1.074731292527068e-06,-99.0909090909091,-1.4910077187691338e-07,-3.269887939817067,3.0805554174133016,0.2527262151054399,0.021131230900558167,0.3420348560517791,99.0,Hold
SAVA,Cassava Sciences Inc. Common Stock,4.52,-0.12,-2.59%,218351690.0,United States,,4186475,Health Care,Biotechnology: Pharmaceutical Preparations,-6.931283779041202e-08,2.169137836353652,-4.121280414006093e-08,0.5426999516362834,0.21607516347514855,-0.02445776472488228,0.24477245012884988,0.6115105444943953,61.0,Hold
SCLX,Scilex Holding Company Common Stock,13.305,-1.025,-7.15%,92545549.0,United States,2021.0,129490,Health Care,Biotechnology: Biological Products (No Diagnostic Substances),5.366151473281707e-07,-0.3687185374900644,8.066074188562596e-07,-1.4765872750852516,0.7936653858847879,-2.2026634397445553,-0.9618617763150064,-0.84241905753242,182.0,Hold
SEGG,Lottery.com Inc. Common Stock,4.01,-0.46,-10.29%,15800503.0,United States,2023.0,95517,Technology,Computer Software: Prepackaged Software,8.162919381134736e-06,0.5986261040235525,-1.5799097638423409e-06,-5.092704268794962,0.5735076132081574,2.771663253659278,-0.5825111339758422,-0.38532185578114764,156.0,Hold
SENEA,Seneca Foods Corp. Class A Common Stock,120.15,1.37,1.15%,824675838.0,United States,,65089,Consumer Staples,Packaged Foods,9.000743847187943e-07,1.4325456464042463,3.9664854643890353e-07,-2.6878345082910315,0.3837160320455463,-1.1494038946156977,-1.1511741236203943,-1.070530294346646,193.0,Hold
SFM,Sprouts Farmers Market Inc. Common Stock,111.55,-2.57,-2.25%,10901354152.0,United States,2013.0,2278356,Consumer Staples,Food Chains,2.4711526052638e-08,5.674206915291081,1.1893201539023849e-07,0.2293587599899986,-0.5816428042278139,-0.43589918268621514,-0.26272774230801016,0.0,126.0,Hold
SHLS,Shoals Technologies Group Inc. Class A Common Stock,10.13,-0.72,-6.64%,1734976101.0,United States,2021.0,10437908,Technology,Semiconductors,1.0044328475485909e-07,3.941244909831297,4.31199083503055e-07,-0.02302135243313795,-0.18723832946039742,-1.2381705622025345,-0.48281008136535664,-0.26518742849009264,147.0,Hold
SINT,SiNtx Technologies Inc. Common Stock,4.07,-0.23,-5.35%,11228581.0,United States,2014.0,251788,Health Care,Medical/Dental Instruments,3.578219533275713e-06,2.6369426751592355,-5.59157212317666e-07,-5.092704268794962,0.10960755416722262,1.3062364303840512,-1.225620094747896,-1.1602337013956125,200.0,Hold
SKIL,Skillsoft Corp. Class A Common Stock,14.87,0.97,6.98%,129510384.0,United States,2019.0,91349,Technology,Computer Software: Prepackaged Software,3.3561167273769084e-08,2.680286006128703,3.286408496568308e-07,0.19986686009796578,0.09974305417713336,-0.9746796464110511,-0.22502324404531734,0.0454319005314975,120.0,Hold
SKYT,SkyWater Technology Inc. Common Stock,16.59,-1.89,-10.23%,799236771.0,United States,2021.0,2413734,Technology,Semiconductors,3.329829334652486e-07,22.93929712460064,3.198835706966452e-07,-0.7979720955570203,-3.805500280526635,-0.952180590347736,-1.8518843221437973,-1.9148485456843187,233.0,Sell
SLDB,Solid Biosciences Inc. Common Stock,6.16,-0.16,-2.53%,479673477.0,United States,2018.0,916760,Health Care,Biotechnology: Biological Products (No Diagnostic Substances),-7.072414472524395e-08,2.0492788461538463,-5.562125351710639e-08,0.5474032070337576,0.24335384698175266,0.012560184776718955,0.26777241293074305,0.6392242675351729,57.0,Hold
SLNH,Soluna Holdings Inc. Common Stock,4.19,-0.1,-2.33%,126311564.0,United States,,36284808,Technology,EDP Services,3.1695832454845734e-07,-4.417238001958864,-1.5719762983617984e-06,-0.7445692343365538,1.7150671176820371,2.771663253659278,1.2473870456682536,1.8196074208568767,20.0,Buy
SLNO,Soleno Therapeutics Inc. Common Stock,68.0,0.33,0.49%,3613860612.0,United States,2014.0,1967744,Health Care,Biotechnology: Electromedical & Electrotherapeutic Apparatus,2.6679390507180623e-06,17.910102919554713,-1.0117825741305457e-06,-5.092704268794962,-3.3664079183307845,2.469114013410195,-1.996666057905184,-2.08930278114612,236.0,Sell
SM,SM Energy Company Common Stock,21.79,-0.32,-1.45%,2504847050.0,United States,,3168083,Energy,Oil & Gas Production,8.186805330439662e-09,0.4810069678579456,9.240689883077005e-09,0.284428270392205,0.6002765287849796,-0.15408204594027286,0.24354091774563724,0.6100266139472863,62.0,Hold
SMCI,Super Micro Computer Inc. Common Stock,53.84,-0.1,-0.19%,31995674903.0,United States,2020.0,24656551,Technology,Computer Manufacturing,2.3375235451174443e-08,5.355459174052423,3.422668252779341e-08,0.23381201946801283,-0.5090990698179074,-0.2182756444161107,-0.16452089825533509,0.11833398602543212,110.0,Hold
SMLR,Semler Scientific Inc. Common Stock,26.33,-0.47,-1.75%,389807567.0,United States,,1673099,Health Care,Biotechnology: Electromedical & Electrotherapeutic Apparatus,8.634070127807801e-07,1.203498750446269,2.7054574638844304e-06,-2.5656385417565115,0.43584476909390707,-2.371420412813889,-1.5004047284921647,-1.491334464516124,220.0,Hold
SMTK,SmartKem Inc. Common Stock,2.34,-0.37,-13.65%,10634107.0,United Kingdom,,236584,Technology,Semiconductors,3.867647058823529e-05,-90.68965517241378,-2.679572083545593e-07,-5.092704268794962,3.0805554174133016,0.5580902031608973,-0.4846862160735876,-0.26744807030673173,148.0,Hold
SNAP,Snap Inc. Class A Common Stock,7.76,-0.15,-1.90%,13113100712.0,United States,2017.0,50038572,Technology,Computer Software: Programming Data Processing,2.590191277545504e-09,6.390243902439025,1.3399043789684352e-08,0.3030792842873426,-0.7446055183210178,-0.16476561992498026,-0.20209728465288515,0.07305645342832585,116.0,Hold
SNDK,Sandisk Corporation Common Stock,144.27,-0.03,-0.02%,21035366410.0,United States,,6289641,Technology,Electronic Components,9.353526220614829e-08,3.2727502807700217,2.4630952380952383e-06,-0.0,-0.035095771095536694,-2.371420412813889,-0.8021720613031419,-0.6500015057120639,177.0,Hold
SNDX,Syndax Pharmaceuticals Inc. Common Stock,15.05,0.01,0.07%,1296435023.0,United States,2016.0,3739016,Health Care,Biotechnology: Pharmaceutical Preparations,-7.453349153273649e-08,7.556041552761072,-4.5660741457489815e-08,0.560098057807182,-1.009929171414245,-0.013030197837276413,-0.15428710381477984,0.1306651600896986,108.0,Hold
SNWV,SANUWAVE Health Inc. Common Stock,35.0,1.7,5.11%,299880175.0,United States,,356099,Health Care,Medical/Dental Instruments,1.1901477832512315e-06,-21.020881670533644,2.417611741160774e-05,-3.6545195316830825,3.0805554174133016,-2.371420412813889,-0.9817948423612233,-0.8664373342799334,184.0,Hold
SOC,Sable Offshore Corp. Common Stock,13.12,-1.01,-7.15%,1305535120.0,United States,2021.0,7653222,Energy,Oil & Gas Production,-6.433942461144739e-08,1.9982138870283543,-4.220861904716989e-08,0.5261257877882043,0.2549757107730281,-0.021899333558581438,0.253067388334217,0.6215055006621065,59.0,Hold
SONN,Sonnet BioTherapeutics Holdings Inc. Common Stock,3.73,-0.22,-5.57%,25193733.0,United States,,404987,Health Care,Biotechnology: Pharmaceutical Preparations,-7.400391126305654e-06,-6.214442013129102,-5.508832850954841e-07,3.544089693824226,2.124092417626469,1.2849791936005701,2.3177204350170886,3.1093018159829806,2.0,Buy
SOUN,SoundHound AI Inc Class A Common Stock,20.76,-0.64,-2.99%,8463567546.0,United States,,42602986,Technology,Computer Software: Prepackaged Software,3.6089152599658257e-07,21.66854565952649,-1.7142347484837672e-07,-0.8909789640271566,-3.805500280526635,0.31007733386311437,-1.4621339702302256,-1.44522025102076,218.0,Hold
SPRB,Spruce Biosciences Inc. Common Stock,156.61,-2.45,-1.54%,88178008.0,United States,2020.0,118507,Health Care,Biotechnology: Pharmaceutical Preparations,-2.934850051706308e-06,4.849416890939382,-2.2061995918763967e-06,3.544089693824226,-0.3939290082398121,2.771663253659278,1.9739413130812309,2.6950663907088193,7.0,Buy
SPSC,SPS Commerce Inc. Common Stock,107.17,-2.18,-1.99%,4062682024.0,United States,2010.0,722841,Technology,Computer Software: Prepackaged Software,2.125712924635681e-07,4.17801211930432,6.120555270977468e-07,-0.39669389980626973,-0.24112413111106815,-1.7028239416767617,-0.7802139908646999,-0.6235432071538256,174.0,Hold
SRPT,Sarepta Therapeutics Inc. Common Stock (DE),23.34,1.14,5.14%,2280631643.0,United States,,6055539,Health Care,Biotechnology: Pharmaceutical Preparations,4.501555499762692e-08,1.8311379831569856,-8.45876871608978e-08,0.16169450399499508,0.2930004821789052,0.08698026634188948,0.18055841750526325,0.5341360752054684,71.0,Hold
SSTK,Shutterstock Inc. Common Stock,25.04,-1.37,-5.19%,888272190.0,United States,2012.0,389030,Technology,EDP Services,3.8157207887367206e-08,1.3479019926554692,4.61992406734896e-07,0.18455031038832362,0.4029800642020529,-1.317284258239722,-0.2432512945497818,0.023468076172074824,124.0,Hold
STIM,Neuronetics Inc. Common Stock,2.88,-0.16,-5.26%,190439482.0,United States,2018.0,1050016,Health Care,Medical/Dental Instruments,5.2389268137799654e-08,8.02919708029197,-9.562445667922341e-08,0.1371212129057156,-1.1176145428945115,0.1153357517934382,-0.28838585939845257,-0.03091665655797651,128.0,Hold
STOK,Stoke Therapeutics Inc. Common Stock,34.17,-1.43,-4.02%,1872427773.0,United States,2019.0,3410791,Health Care,Biotechnology: Pharmaceutical Preparations,1.682400151376993e-07,5.494200294069596,5.459681477994059e-07,-0.24895756108796824,-0.5406751334572821,-1.5330333413463322,-0.7742220119638609,-0.6163231935757875,173.0,Hold
STSS,Sharps Technology Inc. Common Stock,5.06,-0.52,-9.32%,5177463.0,United States,2022.0,304310,Health Care,Medical/Dental Instruments,-5.242110913764853e-06,0.3807178043631245,-6.974527375857925e-07,3.544089693824226,0.6231013193622801,1.6615430034028538,1.94291133886312,2.657676934088811,8.0,Buy
TAIT,Taitron Components Incorporated Class A Common Stock,2.54,0.01,0.40%,15293797.0,United States,1995.0,33188,Technology,Electronic Components,0.0,0.0,0.0,0.31171123443648374,0.7097488079923631,-0.13034101854029,0.29703967462951897,0.67448975,51.0,Hold
TAOX,Tao Synergies Inc. Common Stock,7.74,-1.6,-17.13%,26990518.0,United States,,844944,Health Care,Biotechnology: Pharmaceutical Preparations,0.0020949015648662,1.2053441765901831,-1.677248488000904e-06,-5.092704268794962,0.43542476892845666,2.771663253659278,-0.6285387487357426,-0.44078266581247927,161.0,Hold
TCMD,Tactile Systems Technology Inc. Common Stock,14.69,0.04,0.27%,327471610.0,United States,2016.0,168077,Health Care,Medical/Dental Instruments,7.74759819082028e-08,1.9784995425434584,4.142422718674425e-07,0.05351840544159018,0.25946249447483605,-1.1946054025931123,-0.293874834225562,-0.03753057717369984,130.0,Hold
TCRX,TScan Therapeutics Inc. Common Stock,2.48,0.25,11.21%,140735023.0,United States,2021.0,1014523,Health Care,Biotechnology: Biological Products (No Diagnostic Substances),-1.7263501691356587e-07,0.4752729608220938,-1.1728996774525889e-08,0.8870266070548936,0.6015815302946276,-0.10020707428702748,0.46280035435416456,0.8742224890704197,39.0,Hold
TDOC,Teladoc Health Inc. Common Stock,9.02,0.08,0.90%,1593749771.0,United States,2015.0,11456877,Health Care,Medical/Nursing Services,4.487948796692982e-09,1.0089171974522293,2.7075350207347956e-08,0.29675490645376346,0.48012954565926574,-0.19990255986135183,0.19232729741722576,0.5483169450264167,68.0,Hold
TEM,Tempus AI Inc. Class A Common Stock,91.02,-0.89,-0.97%,15812682329.0,United States,2024.0,6656893,Technology,Computer Software: Programming Data Processing,1.6336731456500436e-07,52.94282511210763,-1.814705938862951e-06,-0.23271902735502642,-3.805500280526635,2.771663253659278,-0.42218535140746116,-0.19213787663008877,139.0,Hold
TGTX,TG Therapeutics Inc. Common Stock,34.87,-0.18,-0.51%,5532669925.0,United States,,1901328,Health Care,Biotechnology: Pharmaceutical Preparations,9.628997609293633e-08,19.97898055701524,-6.430443974630022e-07,-0.009180230491870897,-3.805500280526635,1.5217579970898152,-0.764307504642897,-0.604376743386036,172.0,Hold
TIVC,Tivic Health Systems Inc. Common Stock,2.95,-0.04,-1.34%,3194936.0,United States,2021.0,29006,Health Care,Biotechnology: Electromedical & Electrotherapeutic Apparatus,-3.6043956043956045e-05,0.8593135970657584,-5.97667638483965e-07,3.544089693824226,0.5141777990242239,1.4051767794670225,1.821148090771824,2.5109587431415665,10.0,Buy
TKNO,Alpha Teknova Inc. Common Stock,5.26,-0.13,-2.41%,281489778.0,United States,2021.0,128599,Health Care,Biotechnology: In Vitro & In Vivo Diagnostic Substances,6.76512107720708e-07,4.384236453201971,-6.772475269050984e-07,-1.9428013337122585,-0.28805868584389593,1.6096321107679572,-0.2070759695960657,0.06705740478589768,117.0,Hold
TMDX,TransMedics Group Inc. Common Stock,115.68,3.07,2.73%,3943572382.0,United States,2019.0,863198,Health Care,Biotechnology: Electromedical & Electrotherapeutic Apparatus,4.649316902782722e-07,15.25809862539652,8.91791673689533e-07,-1.237698343160819,-2.7628387936627083,-2.371420412813889,-2.123985849879139,-2.2427163098012692,238.0,Sell
TNGX,Tango Therapeutics Inc.,9.17,-0.35,-3.68%,1020256465.0,United States,2020.0,2007569,Health Care,Biotechnology: Pharmaceutical Preparations,-8.952136386332834e-08,8.249794576828265,-6.772207335957172e-08,0.6100459392323555,-1.1678202828255035,0.043649410697864544,-0.17137497763176116,0.11007518755806489,111.0,Hold
TNXP,Tonix Pharmaceuticals Holding Corp. Common Stock,18.81,-0.69,-3.54%,164886504.0,United States,,856986,Health Care,Biotechnology: Pharmaceutical Preparations,8.20361362056984e-06,1.060503975205498,-3.641102354918804e-07,-5.092704268794962,0.4683889212712988,0.8051249679611966,-1.2730634598541555,-1.2174004147508684,202.0,Hold
TRAW,Traws Pharma Inc. Common Stock,2.67,-0.16,-5.65%,18860423.0,United States,2013.0,220856,Health Care,Biotechnology: Pharmaceutical Preparations,1.1264209438511885e-06,2.797262617621899,-1.214169018268231e-07,-3.442146451118636,0.07312037066145792,0.18160127468292833,-1.0624749352580831,-0.9636525240916206,188.0,Hold
TRNR,Interactive Strength Inc. Common Stock,3.06,-0.17,-5.26%,4733878.0,United States,2023.0,55649,Technology,Consumer Electronics/Appliances,-2.734113712374582e-06,0.2831659161759612,-2.1240662552776878e-07,3.544089693824226,0.6453031340020765,0.41537056581097453,1.5349211312124256,2.1660705903928963,14.0,Buy
TRT,Trio-Tech International Common Stock,7.4,-0.74,-9.09%,31914757.0,United States,1998.0,51536,Technology,Industrial Machinery/Components,8.366141732283464e-07,0.9695817490494296,2.061994609164421e-05,-2.476349979411531,0.48908189246096656,-2.371420412813889,-1.452896166588151,-1.4340891925122448,217.0,Hold
TSHA,Taysha Gene Therapies Inc. Common Stock,5.08,-0.26,-4.87%,1385798016.0,United States,2020.0,4729001,Health Care,Biotechnology: Biological Products (No Diagnostic Substances),6.359594961718944e-07,5.646929824561404,-6.270928462709287e-08,-1.8076575996021829,-0.5754348166270892,0.03077063690998393,-0.784107259773096,-0.6282343876213732,175.0,Hold
TTD,The Trade Desk Inc. Class A Common Stock,49.9,-1.2,-2.35%,24398249163.0,United States,2016.0,8541309,Technology,Computer Software: Programming Data Processing,2.283126435666756e-08,8.826094857350537,5.2272401508248526e-08,0.23562483206261264,-1.2989803479230624,-0.26463840674102884,-0.4426646408671595,-0.21681432332900613,140.0,Hold
TTMI,TTM Technologies Inc. Common Stock,58.45,0.24,0.41%,6038660865.0,United States,2000.0,1548607,Technology,Electrical Products,1.5182498972327268e-07,5.185230171261994,2.710424425671921e-07,-0.19425361613125186,-0.4703566852623227,-0.8266987728818185,-0.4971030247584644,-0.28240965958872283,149.0,Hold
TVTX,Travere Therapeutics Inc. Common Stock,27.51,0.66,2.46%,2452204894.0,United States,,2296203,Health Care,Biotechnology: Pharmaceutical Preparations,2.070801069466095e-07,54.23357664233577,-7.605691473026922e-07,-0.37839423211262,-3.805500280526635,1.8237006378909075,-0.7867312915827824,-0.6313962053795242,176.0,Hold
TWLO,Twilio Inc. Class A Common Stock,106.23,-1.63,-1.51%,16299251965.0,United States,2016.0,2124046,Technology,Computer Software: Prepackaged Software,5.579150322561104e-08,2.597457627118644,1.6052182548343284e-07,0.12578308358366944,0.11859394832044233,-0.5427510339523055,-0.09945800068273125,0.19673129210321463,104.0,Hold
TYGO,Tigo Energy Inc. Common Stock,2.4,-0.14,-5.51%,157776137.0,United States,2021.0,475211,Technology,Semiconductors,1.2259954432027773e-07,12.282608695652174,2.323429628868099e-07,-0.09685826545114437,-2.085647638161758,-0.7272727106416366,-0.969926204751513,-0.852136261777338,183.0,Hold
U,Unity Software Inc. Common Stock,34.72,-2.69,-7.19%,14669821071.0,United States,2020.0,13005177,Technology,Computer Software: Prepackaged Software,2.8581033041559463e-08,4.991425933254188,9.940316072629457e-08,0.21646342221333248,-0.42624881765856193,-0.38572597272750236,-0.1985037893909106,0.07738642271116801,114.0,Hold
UI,Ubiquiti Inc. Common Stock,754.0,3.78,0.50%,45616029602.0,United States,,188489,Technology,Radio And Television Broadcasting And Communications Equipment,7.148232846732552e-07,72.30741377749615,1.2480410826663114e-06,-2.070475367856443,-3.805500280526635,-2.371420412813889,-2.749132020398989,-2.995983955449977,247.0,Sell
ULY,Urgent.ly Inc. Common Stock,3.18,-0.07,-2.15%,4437773.0,United States,,53284,Technology,EDP Services,9.025974025974027e-08,-0.0863783246333581,-2.162246247180524e-07,0.010915851041165145,0.7294076335470931,0.42517970609557987,0.3885010635612794,0.784695823966825,41.0,Hold
UMAC,Unusual Machines Inc. Common Stock,12.75,-1.51,-10.59%,388081772.0,United States,2024.0,4103449,Technology,Radio And Television Broadcasting And Communications Equipment,6.226810919634943e-06,6.890093642188271,-2.462622047760071e-06,-5.092704268794962,-0.858366220198683,2.771663253659278,-1.0598024117781224,-0.9604322764685458,187.0,Hold
UPXI,Upexi Inc. Common Stock,5.61,-0.41,-6.81%,330365921.0,United States,2021.0,3546535,Health Care, Medicinal Chemicals and Botanical Products ,4.803073967339097e-07,2.21750212404418,-6.197285968655979e-07,-1.2889387024282861,0.20506794495334263,1.4618554283596124,0.1259948902948896,0.468389947950351,77.0,Hold
UUU,Universal Safety Products Inc. Common Stock,5.13,-0.57,-10.00%,11865110.0,United States,2003.0,117352,Technology,Electronic Components,7.611253222356084e-07,1.625207296849088,1.6887199709402312e-06,-2.2247793698452982,0.33986820571575843,-2.371420412813889,-1.418777192314476,-1.3929776563067073,214.0,Hold
VELO,Velo3D Inc. Common stock,5.79,-0.82,-12.41%,115226118.0,United States,,926422,Technology,Industrial Machinery/Components,2.430555555555556e-06,4.343566296538211,-3.746478873239437e-07,-5.092704268794962,-0.2788025730571514,0.8321981285197663,-1.5131029044441158,-1.5066350862817588,221.0,Hold
VERI,Veritone Inc. Common Stock,6.5,-1.89,-22.53%,359266765.0,United States,2017.0,26753754,Technology,EDP Services,1.3030425963488842e-07,308.8461538461538,-3.615651312530956e-07,-0.12253463888564484,-3.805500280526635,0.7985861283038395,-1.0431495970361468,-0.9403665268156592,185.0,Hold
VERX,Vertex Inc. Class A Common Stock,24.38,-0.33,-1.34%,3887981289.0,United States,2020.0,1274385,Technology,Computer Software: Prepackaged Software,5.426133255508811e-08,16.105398457583547,1.748327465948218e-07,0.13088245870014664,-2.955675592294991,-0.5795184154490802,-1.1347705163479749,-1.0507648263442326,190.0,Hold
VITL,Vital Farms Inc. Common Stock,40.37,1.07,2.72%,1803973013.0,United States,2020.0,997365,Consumer Staples,Packaged Foods,1.2990263948595737e-07,4.638119953863899,1.0996410869936764e-06,-0.12119621838577015,-0.3458399807685436,-2.371420412813889,-0.9461522039894009,-0.8234898644606353,181.0,Hold
VIVS,VivoSim Labs Inc. Common Stock,2.61,-0.26,-9.06%,6785470.0,United States,,28215,Health Care,Biotechnology: Biological Products (No Diagnostic Substances),-5.786989534167863e-07,0.7686017988552739,-2.706853522749088e-07,2.2402562652835822,0.5348228789600195,0.5650993053365616,1.113392816526721,1.6581515529723738,23.0,Hold
VRCA,Verrica Pharmaceuticals Inc. Common Stock,4.23,0.13,3.17%,39955599.0,United States,2018.0,140673,Health Care,Biotechnology: Pharmaceutical Preparations,9.36127744510978e-07,-2.4827951296982533,-9.906427560568617e-08,-2.807984246703435,1.2748076529056616,0.1241732776077921,-0.46966777206332705,-0.24935164983036784,145.0,Hold
VRNS,Varonis Systems Inc. Common Stock,60.29,-0.27,-0.45%,6755320202.0,United States,2014.0,857603,Technology,Computer Software: Prepackaged Software,9.111135442137069e-08,8.653021442495128,3.019296727368021e-07,0.008077801568439553,-1.2595906041968923,-0.9060537330682015,-0.719188845232218,-0.5500111758566916,167.0,Hold
VSTM,Verastem Inc. Common Stock,9.51,0.11,1.17%,585295518.0,United States,2012.0,2338158,Health Care,Biotechnology: Pharmaceutical Preparations,6.553051126992853e-06,20.341296928327647,-9.914083487894341e-08,-5.092704268794962,-3.805500280526635,0.12436997242464248,-2.9246115256323186,-3.2074273586092596,249.0,Sell
VTGN,Vistagen Therapeutics Inc. Common Stock,4.05,0.05,1.25%,124255908.0,United States,,632509,Health Care,Biotechnology: Pharmaceutical Preparations,8.374613003095975e-06,2.790097988653945,-1.0804010065103648e-07,-5.092704268794962,0.07475096712930111,0.14723381865347393,-1.6235731610040622,-1.639745827412784,226.0,Hold
VVOS,Vivos Therapeutics Inc. Common Stock,2.89,-0.26,-8.25%,21688892.0,United States,2020.0,671450,Health Care,Medical/Dental Instruments,4.038772213247173e-07,5.1916932907348246,-2.254283137962128e-07,-1.0342310791953624,-0.471827625325065,0.44882567164039155,-0.352411010960012,-0.10806353428574493,134.0,Hold
WDC,Western Digital Corporation Common Stock,125.92,5.48,4.55%,43684434106.0,United States,,13878591,Technology,Electronic Components,3.6194992053605524e-08,8.647188661710038,6.392013915452507e-08,0.19108949898250993,-1.2582631227894931,-0.294563581387836,-0.45391240173160646,-0.2303672726146686,143.0,Hold
WOLF,Wolfspeed Inc. Common Stock New,32.44,0.01,0.03%,5075951648.0,United States,2025.0,3215684,Technology,Semiconductors,-3.10171568627451e-07,-0.0305588859227491,-4.409407665505226e-08,1.3453744782607793,0.7167036987019498,-0.017055247100034886,0.6816743099542314,1.1379538802290368,33.0,Hold
WULF,TeraWulf Inc. Common Stock,13.86,-1.61,-10.41%,5432099530.0,United States,,39052969,Technology,EDP Services,3.1303439103173095e-07,46.73758865248227,-3.190150390498935e-07,-0.731492517262198,-3.805500280526635,0.6892671361452537,-1.2825752205478598,-1.2288615768303905,203.0,Hold
XAIR,Beyond Air Inc. Common Stock,2.47,-0.11,-4.26%,12908746.0,United States,,174965,Health Care,Medical/Dental Instruments,-2.163543441226576e-06,1.200945626477541,-7.80002456700651e-08,3.544089693824226,0.43642583406517005,0.07005592076720965,1.3501904828855353,1.9434800554006686,18.0,Buy
XFOR,X4 Pharmaceuticals Inc. Common Stock,2.97,0.11,3.85%,33882820.0,United States,2017.0,394248,Health Care,Biotechnology: Biological Products (No Diagnostic Substances),1.871117156196008e-07,10.200400801603204,-4.6570780266432443e-08,-0.31184850632490196,-1.611758361754301,-0.010692141201730013,-0.6447663364269777,-0.460336039649145,163.0,Hold
XGN,Exagen Inc. Common Stock,11.77,-0.15,-1.26%,258982855.0,United States,2019.0,210508,Health Care,Medical Specialities,4.317246111619396e-07,15.794979079497908,-9.824972346932135e-07,-1.127033986433313,-2.8850273083823774,2.3938746043620913,-0.539395563484533,-0.33336990309177555,152.0,Hold
XRX,Xerox Holdings Corporation Common Stock,3.12,-0.18,-5.46%,392587722.0,United States,,4463441,Technology,Computer peripheral equipment,2.017543859649123e-09,1.2907751666082077,8.975609756097561e-09,0.3049876622543165,0.4159815470685638,-0.15340100646838936,0.18918940095149697,0.5445359478860786,69.0,Hold
YDES,YD Bio Limited Ordinary Shares,18.865,-0.005,-0.03%,1326583480.0,United States,,43025,Health Care,Medical Specialities,7.273616725456372e-05,2.472106760008751,-6.151943197420757e-06,-5.092704268794962,0.14712252699000208,2.771663253659278,-0.7246394960485606,-0.5565789180925038,168.0,Hold
ZETA,Zeta Global Holdings Corp. Class A Common Stock,18.23,-0.34,-1.83%,4339483456.0,United States,2021.0,7342154,Technology,Computer Software: Prepackaged Software,2.5392322321153482e-08,6.301128349788435,1.1534018525892797e-07,0.22708997022821864,-0.7243237275916021,-0.4266711122020304,-0.30796828985513797,-0.054512436204072215,131.0,Hold
ZIMV,ZimVie Inc. Common Stock,18.99,0.0,0.00%,535535870.0,United States,,219905,Health Care,Medical/Dental Instruments,0.0,0.0,0.0,0.31171123443648374,0.7097488079923631,-0.13034101854029,0.29703967462951897,0.67448975,51.0,Hold
ZVRA,Zevra Therapeutics Inc. Common Stock,11.38,-0.4,-3.40%,638817336.0,United States,,2055002,Health Care,Biotechnology: Pharmaceutical Preparations,2.78755013780895e-07,5.845864661654135,-2.6918249880988445e-07,-0.61725466998892,-0.6207103562461376,0.5612381991050189,-0.22557560904334625,0.04476633029972596,121.0,Hold
